<?xml version="1.0"?>
<?AutomationRuntimeIOSystem Version = 1.0?>
<IOCFG xmlns="http://www.br-automation.com/AR/IO" Version="2.0">
  <Module ID="$root" Hardware="4PP065.0571-P74">
    <Parameter ID="HardwareModuleName" Value="4PP065_0571_P74" />
    <Parameter ID="SimulationIPAddress" Value="10.0.1.10" />
    <Parameter ID="SimulationInaPort" Value="11160" Type="UDINT" />
    <Parameter ID="SimulationInaNodeNumber" Value="1" Type="UDINT" />
    <Parameter ID="SimulationModeOpcUa" Value="on" />
    <Parameter ID="ActivateDtmServer" Value="0" Type="UDINT" />
  </Module>
  <Module ID="IF4" Hardware="4PP065.0571-P74">
    <Parameter ID="Operation" Value="EPL-V2" />
    <Parameter ID="MtuSize" Value="300" Type="UDINT" />
  </Module>
  <Module ID="IF4.PLK" Hardware="EPL-V2">
    <Parameter ID="EplInterfaceRedundant" Value="0" />
    <Parameter ID="EplHostName" Value="br-automation" />
    <Parameter ID="CycleTime" Value="2000" Type="UDINT" />
    <Parameter ID="Synchron" Value="on" />
    <Parameter ID="MuxPrescaler" Value="8" Type="UDINT" />
    <Parameter ID="Mode" Value="MN" />
    <Parameter ID="NodeID" Value="240" Type="DINT" />
    <Parameter ID="AsyncTimeout" Value="25" Type="UDINT" />
    <Parameter ID="TransferOnlyActive" Value="off" />
    <Parameter ID="OutputJustInTime" Value="off" />
    <Parameter ID="BasicEthernetInServiceMode" Value="off" />
    <Parameter ID="EplNatSubnet" Value="192.168.101.0" />
    <Parameter ID="EPL_LossFrameTolerance" Value="-1" Type="DINT" />
    <Parameter ID="ApplSwDate" Value="0" Type="UDINT" />
    <Parameter ID="ApplSwTime" Value="0" Type="UDINT" />
    <Parameter ID="BusCycleTrigger" Value="auto" />
    <Parameter ID="OutputCycleTrigger" Value="auto" />
  </Module>
  <Module ID="IF5" Hardware="4PP065.0571-P74">
    <Parameter ID="ActivateOSAFT" Value="0" />
  </Module>
  <Module ID="IF5.OPCUA" Hardware="OPCUA">
    <Parameter ID="ActivateOpcUa" Value="1" Type="INT" />
  </Module>
  <Module ID="IF5.SITEMAN" Hardware="SITEMAN">
    <Parameter ID="ActivateSiteMan" Value="1" Type="INT" />
  </Module>
</IOCFG>